title,body,url,published_at
Why Wall Street thinks US memory maker Micron is the next Nvidia,"Eager to find more public AI-related companies that may do as well as Nvidia, Wall Street investors think they've found a winner with Micron.",https://finnhub.io/api/news?id=6994e3013ad609a2a9735c0d33133c0c354dea8dc7cf609be16c38f38158251b,2026-06-28T15:00:00Z
Sandisk Is Crushing Every S&P 500 Stock in 2026. Can Anything Stop It?,"The artificial intelligence boom has reshaped the stock market over the past two years. Graphics processors grabbed the headlines first, but AI infrastructure reaches far beyond chips that perform calculations. Every AI model also needs somewhere to store the mountains of data it creates, trains on, and retrieves. That has turned memory into one of ... Sandisk Is Crushing Every S&P 500 Stock in 2026. Can Anything Stop It?",https://finnhub.io/api/news?id=5a9205f415765260e85126aa819973b29b3881d43d691fffaf670f080a8d0c63,2026-06-28T14:48:15Z
The AI Memory Supercycle Could Last Longer Than Investors Expect. That's Great News for Micron and Sandisk.,"After Micron's earnings results, it's hard to imagine anyone saying memory chips are due for a crash.",https://finnhub.io/api/news?id=f80cca6f37eef6a0a869cd66f28eb80c758e58cb0e1cbe39d0b814eba62b36e1,2026-06-28T12:45:00Z
'We don't view this as a bubble' that will pop soon: Wall Street weighs surging AI costs on stock market rally,Wall Street analysts told Yahoo Finance that Micron's earnings proved AI demand remains strong.,https://finnhub.io/api/news?id=eea9a5ac5ffe0fc716bb6fb70b0a753faf200fd9e6d2743f8fad7f2d991548e9,2026-06-28T11:56:42Z
Western Digital (WDC) Stock Rallies As Micron’s $100 Billion AI Deals Lift Storage Demand,"Micron reported strong AI memory results and secured multi year AI memory contracts worth about US$100b. These contracts include take or pay terms and committed cash deposits tied to long term AI infrastructure demand. The news helped trigger a broad rally in memory and storage stocks, with NasdaqGS:WDC moving alongside sector peers. Western Digital is seen as a beneficiary of tighter supply conditions and strong demand for AI focused storage. Western Digital sits at the intersection of...",https://finnhub.io/api/news?id=681eeaef4666d94aed5fe4677366f22d73fc054360d0f4d9aae357a9cf8c930d,2026-06-28T11:07:15Z
"Apple's Top Hardware Chief Leaves For OpenAI, Tim Cook's Price Hike Strategy And More: This Week In Appleverse","Apple Inc. (NASDAQ:AAPL) had an eventful week, with its top hardware chief leaving for OpenAI, a significant price hike, and a failed merger with Walt Disney Co (NYSE:DIS). Here’s a quick recap of the week’s most important events.
Apple Vision Pro Hardware Chief Jumps To OpenAI
Apple‘s Vision Pro hardware chief, Gerard Meade, has reportedly left the company to join OpenAI. This move comes after a significant shake-up in Apple’s hardware engineering unit, led by John Ternus, which resulted in several vice presidents being given new roles. Meade will join former Apple executives at OpenAI, which acquired their AI hardware startup last year for $6.5 billion.
Read the full article here.
Why Apple Just Suffered Its Worst Crash In Over A Year
Apple recently experienced its worst stock crash in over a year, attributed to the soaring memory and storage costs driven by the AI data center demand. The iPhone, which accounts for nearly half of Apple’s business, and the Macs and iPads, which represent about 14% of revenue, have seen price hikes. Investors are now watching for potential iPhone price increases before John Ternus takes over as CEO on Sept. 1.
Read the full article here.
Bernie Sanders Says MacBook, iPad Price Rise An Example Of Tim Cook’s ‘Corporate Greed
Apple’s price hikes across several MacBook and iPad models have been criticized by Bernie Sanders as an example of Tim Cook‘s ‘corporate greed.’ The price increases were attributed to soaring memory and storage costs, leading to Apple’s steepest one-day share decline since April 2025.
Read the full article here.
Apple Just Confirmed Micron’s Biggest AI Prediction
Apple’s price hikes have been linked to increasing memory and storage costs driven by the AI infrastructure boom. These hikes have affected several products, including the MacBook Neo, MacBook Air, MacBook Pro, iPad Pro, iPad Air, HomePod, HomePod mini, and Apple TV. The announcement of these increases has also confirmed Micron Technology Inc.‘s (NASDAQ:MU) prediction of an AI memory crunch.
Read the full article here.
Disney And Apple Almost Merged. Here’s Why The Deal Didn’t Work
Apple’s failed merger with Disney has been attributed to the latter’s stock under-selling pressure. Former Disney CEO Bob Iger revealed that the company almost acquired Twitter but ultimately decided against it due to concerns that the smaller company would be a “horrible distraction.”
Read the full article here.
Photo Courtesy: Shutterstock
Disclaimer: This content was partially produced with the help of AI tools and was reviewed and published by Benzinga editors.",https://www.benzinga.com/markets/tech/26/06/60146820/apples-top-hardware-chief-leaves-for-openai-tim-cooks-price-hike-strategy-and-more-this-week-in-appleverse,2026-06-28T11:01:00Z
Micron Just Revealed a Massive Multi-Decade Growth Opportunity. It's Not AI Data Centers. It Might Be Even Bigger.,The robots are coming -- and that's great news for Micron.,https://finnhub.io/api/news?id=7928aa33b850339919cf689a16c34efb6cc7f7e913805816f2b8c5a5fb993653,2026-06-28T09:45:00Z
"5 big analyst AI moves: Micron price targets hiked, cautious on SpaceX valuation",Investing.com -- Here are the biggest analyst moves in the area of artificial intelligence (AI) for this week.,https://finnhub.io/api/news?id=15bfe30441f1b6c2c8a94f13107f121fd1bafbcc3a8535e32e3d4721708393e9,2026-06-28T09:30:02Z
Semis Outlook: The Best Days Are Likely Far From Over,Semiconductor stocks surge as AI infrastructure drives broad gains beyond Nvidia. Here's what investors need to consider.,https://finnhub.io/api/news?id=c0140b3bcc4fcfb4b183820bdad5a08917e2828a5776fd8adcc7d13b4a10aa9d,2026-06-28T09:00:00Z
Is SpaceX Really Worth More Than Micron and AMD Combined? Here's the Unvarnished Truth.,"There's a clear answer for today, but a murky one for the future.",https://finnhub.io/api/news?id=6c837365ed04918f64f122476aa181be316d394c972d626f7cd7ccc254c53455,2026-06-28T08:12:00Z
Micron: The Margin Story Not Being Discussed Enough,"Micron Technology is experiencing explosive revenue and profit growth, driven by AI demand and supply constraints. Learn why MU stock is a hold.",https://finnhub.io/api/news?id=f2a19b787afe2ff9b66465160ebbc879376c3af5d4350ce19e59d63f1e7717b0,2026-06-28T07:36:56Z
"Apple's Push For Chinese Memory Chips Isn't The Micron Threat Investors Think It Is, Analyst Says: 5 Reasons Why","Fears that Apple Inc.’s (NASDAQ:AAPL) reported efforts to source cheaper memory chips from China’s largest DRAM maker could hurt Micron Technology Inc. (NASDAQ:MU) may be overblown, according to one AI-focused market analyst, who argues the move has little bearing on Micron’s biggest growth driver: high-bandwidth memory for artificial intelligence.
Why The Apple-CXMT Fears May Be Overblown
In a post on X, Milk Road AI analyst Melvin said investors are focusing on the wrong part of the memory market.
While Apple’s potential use of chips from China’s ChangXin Memory Technologies (CXMT) could pressure commodity DRAM suppliers, he argued Micron has largely shifted its focus to premium HBM products powering AI data centers, where CXMT remains years behind.
Melvin said that the market segment CXMT serves is dominated by commodity products such as DDR4, DDR5, and LPDDR chips used in phones, PCs, and other consumer devices.
He argued CXMT remains at least one generation behind in HBM and isn’t a meaningful competitor in the AI memory market.
Apple wants to buy cheap Chinese memory chips and the everyone thinks it's bad news for Micron but it's not (Save this).
CXMT is China's largest DRAM manufacturer, headquartered in Hefei and it was essentially irrelevant three years ago but today it holds 8% of the global DRAM… pic.twitter.com/DXdpzQVMlZ
— Melvin (@MelvinInvests) June 27, 2026
Why Apple Wants Cheaper Memory
Apple’s broader price adjustments have touched multiple devices, including MacBook Neo, MacBook Air, iPad Pro, iPad Air, HomePod, HomePod mini and Apple TV, while iPhone prices were left unchanged.
Apple attributed those increases to tighter supplies of memory and storage components as AI infrastructure spending accelerates.
Apple is seeking to lower memory input costs, while Micron is positioning its mix toward higher-value memory where supply tightness can support pricing.
Read Also:
US Housing Market Tilts Toward Buyers As Record 46% Of Sellers Offer Concessions
Micron CEO’s Warning
Micron CEO Sanjay Mehrotra told investors on the company’s fiscal third-quarter earnings call that the industry still lacks a clear timeline for supply to catch up.
""We currently do not have line of sight as to when memory supply will be able to catch up with increasing demand,"" Mehrotra said.
""We expect tight conditions to persist beyond calendar 2027.""
How Will CXMT’s Growth Impact Micron?
Melvin contended the Apple-CXMT discussion matters less for Micron because major DRAM makers, including Micron, have been shifting capacity toward high-bandwidth memory used in AI systems.
He added that Micron, Samsung, and SK Hynix have moved more than 70% of DRAM capacity toward HBM, framing that as a deliberate step away from lower-margin commodity DRAM.
Mehrotra has similarly framed AI as changing what ""winning"" looks like in memory, with demand rising for high-performance configurations that support training and inference workloads.
""Memory has become a strategic asset,"" Mehrotra said, adding that AI system performance is ""architecturally dependent on memory subsystem performance and capacity.""
Why AI Memory Demands Are Reshaping Markets
Micron has also pointed to customer behavior that reflects longer planning cycles around AI infrastructure, including multi-year arrangements that can tighten available supply for other buyers.
The company has disclosed about $22 billion in customer commitments through strategic agreements, giving added visibility as it ramps HBM output used in AI accelerators.
""The Trump administration has been tightening, not loosening, export controls on Chinese semiconductor companies and even if Apple gets a narrow license, it would likely come with restrictions that limit scale, product type, and duration,"" Melvin said.
He argued that even if Apple were to shift some consumer-device DRAM sourcing, that would not directly touch the HBM-heavy demand tied to Nvidia GPUs and large AI data centers.
In Melvin’s view, the AI memory market, not commodity DRAM used in consumer electronics, will remain the primary driver of Micron’s long-term growth, making Apple’s potential shift to CXMT largely irrelevant to the company’s broader investment thesis.
Read Also:
Coinbase CEO Brian Armstrong Says Tokenized Stocks Could Open US Markets To 4 Billion Unbrokered People
Photo courtesy: Shutterstock
Disclaimer: This content was partially produced with the help of AI tools and was reviewed and published by Benzinga editors.",https://www.benzinga.com/markets/tech/26/06/60146621/apples-push-for-chinese-memory-chips-isnt-the-micron-threat-investors-think-it-is-analyst-says-5-reasons-why,2026-06-28T07:29:15Z
Berkshire May Just Save You From A Likely Market Crash,"Berkshire Hathaway is well-positioned to outperform the S&P 500 during near-term market turbulence, given its defensive portfolio. Read why BRK.A stock is a buy.",https://finnhub.io/api/news?id=065427260e90b565fa6294ecb480f07ae5def3489e5184b066dc992ea87ad7c9,2026-06-28T06:49:24Z
"Memory chip makers reap AI windfall as prices surge, WSJ reports","Investing.com -- Memory chip makers are capturing an increasing share of profits from the artificial intelligence boom as soaring demand for high-bandwidth memory (HBM) pushes up prices and raises costs for AI developers and cloud providers, the Wall Street Journal reported on Saturday.",https://finnhub.io/api/news?id=91a0218dada87b034e5d5e23f94537094e7d8a7110fbd7260625bf9ad8569608,2026-06-28T06:14:41Z
"The Smartest Dividend Stocks to Buy With $5,000 Right Now",These dividend stocks can multiply your money and provide good yields right now.,https://finnhub.io/api/news?id=608c026e218138d7ed2d827c95f7f4f4b2620362568a56786f19026ed1376636,2026-06-28T04:20:00Z
Deutsche Bank Raises Micron (MU) Price Forecast as Revenue and Margins Surge,"Micron Technology, Inc. (NASDAQ:MU) is included among Billionaire Steven Cohen’s Top 11 Dividend Stock Picks. On June 25, Deutsche Bank raised its price recommendation on Micron Technology, Inc. (NASDAQ:MU) to $1,550 from $1,500. It reiterated a Buy rating on the shares. In a research note, the analyst said the company’s latest earnings report “cleared a […]",https://finnhub.io/api/news?id=92fac8ed14f013922487149dd48c629d8d1dc2685c46a74023b3db38e42d7141,2026-06-28T04:03:49Z
Markets Starting To Choke On Massive Surge In Debt Issuance,"Massive equity and AI-related debt issuanceâ$236B YTD, projected $570B for 2026âare straining credit markets. Read more on the market here.",https://finnhub.io/api/news?id=5f66f86ae8e56ee4863f054e9026a85a05d7a3f101bbc7b07bce262a1d04aa8c,2026-06-28T02:53:28Z
Wall Street Thinks AI Capex Is Unsustainable -- Here's Why Big Tech Keeps Spending Anyway,Is AI fatigue setting in?,https://finnhub.io/api/news?id=47663093423bceb084d29ae4e8f51562ac6bbdd873c69253b1d16d0254fcd347,2026-06-28T00:50:00Z
3 Reasons to Buy Silicon Motion Technology Stock Like There's No Tomorrow,Micron's earnings was a giant green flag for Silicon Motion Technology investors.,https://finnhub.io/api/news?id=b1ad408b1652619196fec6dffc6ae71e86c9abba158ae5c1fcb0481294074659,2026-06-27T20:20:00Z
Micron (MU): The Best AI Stock That Will Make You Rich in 10 Years,"Micron Technology, Inc. (NASDAQ:MU) is one of the 15 Best AI Stocks That Will Make You Rich in 10 Years. On June 25, 2026, DA Davidson raised its price target on Micron Technology, Inc. (NASDAQ:MU) to $2,000 from $1,500 and kept a Buy rating after the company’s Q3 earnings beat. DA Davidson said Micron has […]",https://finnhub.io/api/news?id=cb913c5c9e9e8e6ccdb2739f19f40ee83b5d7e6a9c9f2718c373ae8a0f1584eb,2026-06-27T19:32:36Z
"Micron (MU) Surpasses Market Valuation of ​Meta and Briefly Tesla, Reuters Reports","Micron Technology, Inc. (NASDAQ:MU) is one of the safe stocks for beginners to buy in 2026. Reuters reported on June 25 that Micron Technology, Inc. (NASDAQ:MU) surpassed the market valuation of ​Meta Platforms, and briefly Tesla, for the first time on Thursday. The company’s solid forecast allowed it to extend its AI-driven ​ascent, with its shares […]",https://finnhub.io/api/news?id=5477462586c6d49244f7d114b5cb650c089e44c8b1655da48a1e18e4f4479feb,2026-06-27T18:36:53Z
Nike Stock Gets A Rude Awakening As Technicals Point To More Weakness Ahead Of Earnings,Nike stock price has gotten a rude awakening as its turnaround takes long to take shape and analysts remain bearish ahead of earnings,https://finnhub.io/api/news?id=f949f8b5517d06ca0648081433dc88c226f0e3a316b6785e60770752056c011d,2026-06-27T17:24:38Z
The ultimate AI proxy trade isn’t a tech stock—It’s something more humble,"You can't all be Micron, up 329% so far this year. But Micron can't be Micron. And Nvidia can't be Nvidia. And Intel can't be Intel. And artificial intelligence can't be artificial intelligence. Without copper. There we've said it: without copper. And that's not going to change any time soon. Wood ...",https://finnhub.io/api/news?id=bdc2bdeadb335e95059cfb485a3b108ef747490d7a48a049a5fc9278a7321d9b,2026-06-27T16:47:00Z
Micron Technology (MU): 10 Best Future Stocks to Buy and Hold for 10 Years,"Micron Technology Inc. (NASDAQ:MU) is one of the best future stocks to buy and hold for 10 years. On June 25, Micron reported record financial results for its FQ3 2026, reaching $41.46 billion in revenue and $28.24 billion in GAAP net income. This significant growth, driven by AI-related demand, resulted in an operating cash flow […]",https://finnhub.io/api/news?id=2ce6c9be5a656ec5d6d02f53434585732fc847ec010a1f50e04501f6e19d4a0d,2026-06-27T16:15:50Z
"Apple Just Did Something It Wouldn’t Even Do During COVID, and Wall Street Is Freaking Out","Apple (NASDAQ:AAPL) rarely raises prices. That has been a working assumption on Wall Street for roughly two decades. The company absorbs component costs, squeezes suppliers, redesigns around the problem, and protects its margin envelope without making customers pay more for the same box. So when Apple confirmed Friday that it was raising prices an average of ... Apple Just Did Something It Wouldn’t Even Do During COVID, and Wall Street Is Freaking Out",https://finnhub.io/api/news?id=a84317a2eb5b45fc6d8416e01573b227e72c04ea79a1e4a44bc8262f241f6184,2026-06-27T16:15:28Z
Is NVIDIA Corporation (NVDA) One of the Best Brain-Computer Interface Stocks to Buy?,"NVIDIA Corporation (NASDAQ:NVDA) is among the Best Brain-Computer Interface Stocks. On June 22, CNBC reported that NVIDIA Corporation (NASDAQ:NVDA) shares have underperformed in 2026. The firm rose about 12% compared with the VanEck Semiconductor ETF’s nearly 85% gain while slipping roughly 3% over the past month as investors are focusing on memory chips and infrastructure. The […]",https://finnhub.io/api/news?id=791256b0b5ddf04e2d7197ef5f7b532fcb13cb00e7773f6abd09185351629289,2026-06-27T15:32:45Z
Bank of America resets Micron stock price target after earnings,"Micron (MU) stock closed the June 25 trading session up 15.81% at $1,213.56. The stock soared following the release of the third-quarter (Q3) fiscal year 2026 (FY26) earnings report on June 24. The stock is up 313.14% year-to-date, at the time of writing, Friday afternoon, June 26. Meanwhile, the ...",https://finnhub.io/api/news?id=db7919769239bdf8c3d1238a8f14f11a8006d64e70fe188590febf6782f57716,2026-06-27T14:37:00Z
MAGS ETF: Magnificent 7 Outflows Surge as Investors Rotate Into DRAM,"US investors are increasingly skeptical about the Magnificent 7, with most of these stocks still trading well below their all-time highs.",https://finnhub.io/api/news?id=bf8e1fe9f88f026c6ab3b430c47f3b4a6716839ebef6a5d57dae31c86eba9870,2026-06-27T14:27:03Z
Apple Wants to Buy Blacklisted Chinese Memory. Micron Has Nothing to Worry About,"The AI boom has transformed one of the semiconductor industry’s most cyclical businesses into one of its tightest markets. Memory chips, once plagued by oversupply and collapsing prices, have become one of the biggest bottlenecks for AI infrastructure. That shortage has helped lift Micron Technology (NASDAQ:MU), Samsung Electronics, and SK hynix to record profitability as ... Apple Wants to Buy Blacklisted Chinese Memory. Micron Has Nothing to Worry About",https://finnhub.io/api/news?id=0e5621a5e1ae7e13530ba4980fe76e3e42f54400bde98f6cca398a921f0d05c2,2026-06-27T13:27:33Z
Micron CEO Sanjay Mehrotra Says Watching Berkeley’s ‘The Play’ Helped Shape A Leadership Quality He Later Brought To SanDisk,Micron&#39;s CEO credits a legendary college football play for teaching him tenacity. The lesson helped him lead SanDisk and Micron to success.,https://finnhub.io/api/news?id=11a4b6c3795a80653817fcbd457cfbd99feb3d48fadb89c5b702d2fed9016731,2026-06-27T13:00:24Z
3 ETFs Pairing Market-Beating Returns With High Dividend Yields,"For those willing to pay a price and carry the risk, ETFs do exist that combine market-beating returns with high dividend yields.",https://finnhub.io/api/news?id=0a991b9ad3b288ecbd6e717669f6bd15e356725e36557365cd8aae4a48b9c436,2026-06-27T12:20:00Z
MarketBeat Week in Review – 06/22 - 06/26,"SpaceX IPO buzz faded as AI volatility, hotter inflation, and a shortened trading week shifted investor focus toward earnings season",https://finnhub.io/api/news?id=1f860deb6638a26d8ec1f41865309d79baed664228e6a7ce59ebecf1f32f30c5,2026-06-27T11:00:00Z
Micron's Explosive Earnings Report: The 1 Mind-Boggling Number You Won't Want to Miss. (Hint: It Beats Nvidia.),AI customers are rushing to Micron for memory products.,https://finnhub.io/api/news?id=2b04d7d97cc9b58e2e8c15e78dfb1c130f65944d00397169d45aad59fbe5d6d9,2026-06-27T08:35:00Z
H2 2026 Playbook: The Midyear Reset And What Comes Next,An updated 2026 outlook balances high AI capex and Kevin Warshâs rate policy with emerging H2 winning sectors. Read what new sectors are considered H2 winners.,https://finnhub.io/api/news?id=dfbc945371cb981ef8b6f10cda0f1daa9c67d14ffd25e104c29817474d631091,2026-06-27T08:30:00Z
The memory shortage shaking Apple and Microsoft is 'existential crisis' for smaller players,"While Apple and Microsoft raise prices on key devices to help cover the soaring costs of memory, smaller consumer electronics companies are in dire straits.",https://finnhub.io/api/news?id=1834e136dc0ccb8ca9ac91aa1e51ecde5fe47c9d1b235bde35d3ca4f4f707232,2026-06-27T08:14:37Z
"Benzinga Bulls And Bears: Micron, Take-Two, SpaceX — And Nasdaq Posts Sharpest Decline In Months",Benzinga examined the prospects for many investors’ favorite stocks over the last week — here’s a look at some of our top stories.,https://finnhub.io/api/news?id=5c2c441becc71a9ce08e8e2834622f9bc1e9491e920020d55659da265e23bb09,2026-06-27T08:01:09Z
IGA: Interesting Global Fund That Should Work As An Income Play,The Voya Global Advantage & Premium Opportunity Fund targets high income via a global equity portfolio and naked index call writing. Read more on IGA CEF here.,https://finnhub.io/api/news?id=fecefa97028660f772586e828ebb2ab79906fb0144516750dc47cdf13cf41161,2026-06-27T08:00:44Z
Micron (MU) Lands $100 Billion In Customer Deals After Blowout Q3,"Micron Technology (NasdaqGS:MU) reported record fiscal Q3 2026 revenue and profitability, driven by strong AI related demand for memory. The company signed 16 multi year Strategic Customer Agreements that together guarantee at least US$100b in revenue through 2030. These contracts introduce pricing floors and volume commitments that alter the traditional boom bust structure of the memory industry. The news coincided with a rally across global semiconductor and tech stocks and higher pricing...",https://finnhub.io/api/news?id=8e17755e463ed91844b64f70b9b67a779db3641f40c8227f6229e63858fa1b4f,2026-06-27T05:06:41Z
The AI Story Mutates And Divides,"Like any good complex organism, AI narrative is splitting into multiple versions of itself each reacting in different ways to the daily flow of information that feeds its life support system",https://finnhub.io/api/news?id=e60c0840a20c103651aebd4d1389620e0060b3ddf9c91c8ee7fb76b912145919,2026-06-27T03:45:00Z
Wedbush spots clear investor opportunities in tech stocks,"Dan Ives of Wedbush Securities has a specific name for what is happening to tech stocks right now. In a note published June 26, he called it a ""Twilight Zone market,"" Seeking Alpha reported, and the phrase is more specific than it sounds. Microsoft (MSFT), Nvidia (NVDA), Meta Platforms (META), and ...",https://finnhub.io/api/news?id=a49dbd303a019635168b2a7f8e786fa1e9430a60880e75e5ae2c76e3cac61634,2026-06-27T03:07:00Z
Micron just dethroned Nvidia in one key way,"Every boom eventually forces the same question, and it is rarely the one investors ask first. Not who is growing fastest, or who has the biggest name, but who actually keeps the money. For three years, the answer in artificial intelligence (AI) has been obvious. Nvidia (NVDA) designed the chips, ...",https://finnhub.io/api/news?id=15cd771a58998d1597365857982141411b9b3db723c62657bb339dd79da88256,2026-06-27T01:37:00Z
Bankers Investment Trust PLC (LSE:BNKR) (Q2 2026) Earnings Call Highlights: Navigating Market ...,"Bankers Investment Trust PLC (LSE:BNKR) outperforms the FTSE World Index with a 6.5% share price total return, despite market challenges and leadership transition.",https://finnhub.io/api/news?id=65273b6f12d45056ff73d40ab7c659050ff350664bda8a82a3c4f596c140efbc,2026-06-27T01:00:14Z
Micron Technology: The Replaceable Role Of Memory In The AI ​​Value Chain,"Micron (MU) posts record Q3 FY2026 as AI drives memory scarcity, but valuation looks stretched and the cycle matures. See here for more details.",https://finnhub.io/api/news?id=1ececeb4696eb555221e9a740bbb0c7483117da2d4993d9bc9d6cc67c0d01865,2026-06-27T00:58:24Z
Micron's Blockbuster Earnings Don't Inspire Us,"Micron (MU) stock's earnings surge amid DRAM/NAND shortages and booming free cash flow, but valuation looks stretched. Read here for more details.",https://finnhub.io/api/news?id=137a7e511b7691bc75f8d9791d1c67d6dc791a70fa53753f5b4675ca0557b328,2026-06-27T00:38:36Z
"This Week's Market Wrap: AI Memory Shock, Crude Cracks, And Data Boxes In The Fed","Micron delivered a blowout quarter & reinforced strength of AI-driven memory demand, but same surge in memory prices pressured Apple, Microsoft, Amazon & other mega-cap technology names.",https://finnhub.io/api/news?id=1c05d80b484fc80f4edac27600c8ac2915fb138233bca6ec9ce42d41a131bb3d,2026-06-26T23:35:00Z
"Stock Market Today, June 26: Sandisk Tumbles and Tech Weakness Weighs on Markets","Today, June 26, 2026, investors weighed tech volatility and shifting sentiment as memory costs come into focus.",https://finnhub.io/api/news?id=e4b8e7090189f269ceb211bba7b556773f40f274834801d71d9c0bf6c3aff26b,2026-06-26T21:23:57Z
"Stocks making big moves this week: Qualcomm, Accenture, 10x Genomics, Seagate, and Lattice Semiconductor",Check out the companies making headlines this week:,https://finnhub.io/api/news?id=46577963e17a056d74307f9c134efb01cf4702ae49d212f94cdb025980320111,2026-06-26T20:48:25Z
"US Equity Indexes Mixed, Mag-7 Lags Amid Micron Technology's Blockbuster Quarterly Results This Week","US equity indexes were mixed as a decline in technology hit tech-heavy gauges, outweighing a lift in",https://finnhub.io/api/news?id=6570a3fe4efe720cb8bd120020a7dcbb9d9340ca70662b4621174249e9de9fad,2026-06-26T20:33:42Z
Stocks Struggle After OpenAI IPO Blow: Stock Market Today,"Stocks took an early hit on news that ChatGPT parent OpenAI might push its public offering to 2027, and a midday recovery faded into the close.",https://finnhub.io/api/news?id=0362db4386220b3de95609887fc21d115c726907ea553454a7a60d603be56a80,2026-06-26T20:11:31Z
How To Invest: 5 Tips For Dealing With This Stock Market,The power trend has generated impressive gains. Get ready to deal with whatever comes next with five guidelines for how to invest.,https://finnhub.io/api/news?id=9ac88fa9f4a5b635fc9f2080ea3b22d301b510a369a5cae66805502fa8407294,2026-06-26T20:04:37Z
"Microsoft Has Worst Month Since 2000, Micron Delivers Memorable Beat: This Week On Wall Street","It’s been a week of stark contrast on Wall Street. Crude collapsed below $70 as the Strait of Hormuz reopened, yet the Fed’s preferred inflation gauge hit a three-year high, the Magnificent Seven kept bleeding, and Micron Technology Inc. (NASDAQ:MU) delivered what analysts called “a memorable beat.”
Oil Tanks As Hormuz Reopens
WTI crude has now fully wiped out its war premium. Oil is also down more than 20% on the month, on pace for its worst monthly performance since March 2020.
Saudi Arabia resumed loading tankers at Ras Tanura, and Persian Gulf exports recovered to roughly 75% of prewar levels, according to Goldman Sachs estimates.
On Friday, President Donald Trump said Iran had fired four “one-way attack drones” at ships transiting the Strait of Hormuz, calling it “a foolish violation of our ceasefire agreement.” Markets shrugged. Oil held onto its losses.
Fed’s Favorite Inflation Gauge Hits 3-Year High
Yet inflation is still catching up to the shock from the Iran war. Core Personal Consumption Expenditure (PCE) – the Fed’s favorite inflation gauge – rose to 3.4% year-over-year in May, the highest since October 2023.
Headline PCE jumped to 4.1%, the hottest since April 2023. At his first FOMC meeting on June 17, new Chair Kevin Warsh held rates steady at 3.50%–3.75% but signaled openness to a hike.
Markets now price an October hike as the base case.
Hyperscalers Falter
Microsoft Corp. (NASDAQ:MSFT) is down about 18% on the month — its worst June since 2000, as investors keep dumping the stock over AI capex fears.
Fellow hyperscaler Oracle Corp. (NYSE:ORCL) has fared even worse, plunging 30% in June and erasing more than $300 billion in market value after warning of $70 billion in fiscal 2027 capex.
Apple Inc. (NASDAQ:AAPL) added a new twist to the narrative this week, raising prices across its product line to offset surging memory costs — a direct pass-through of the AI-driven memory boom into consumer wallets.
The Roundhill Magnificent Seven ETF (NYSE:MAGS) is heading for its worst month since inception, with over $1 billion in outflows.
Micron’s Memorable Beat
The flip side: a windfall for AI infrastructure suppliers.
Micron posted fiscal third-quarter revenue of $41.5 billion, up 346% on the year. Gross margin hit 84.6%.
Earnings per share came in at $24.67 versus $1.68 a year ago, nearly a 15-fold increase.
Shares jumped 15% on Thursday as the stock saw multiple price-target hikes.
Michigan Sentiment Bounces
After three monthly declines drove the index to its lowest reading ever, the University of Michigan’s final June Consumer Sentiment rose 9% to 48.9, yet sentiment is still 19% below a year ago. Long-run inflation expectations fell back from 3.9% to 3.4%.
Read Also:
The Memory Oligopoly: How Micron And 6 Other Names Now Set The Price For The AI Race
Photo: Matej Kastelic/Shutterstock",https://www.benzinga.com/markets/market-summary/26/06/60140539/microsoft-micron-ai-capex-squeeze-week-wall-street,2026-06-26T20:00:42Z
Is the cost of AI catching up to markets?,"StockBrokers.com Director of Investor Research Jessica Inskip joins Jared Blikre on Market Domination to discuss the AI trade, market leadership, and where she sees opportunities for investors.",https://finnhub.io/api/news?id=da0d679cd4984f5e79ce35b68dfe93d1e59743f8311b8c93d6611f8236160082,2026-06-26T19:44:32Z
"Outlook For AI Chip Sector: The Party Goes On, Bigger Than Ever","Nvidia remains central to the AI revolution, with Vera Rubin in full production and demand for AI compute accelerating. Read the full analysis here.",https://finnhub.io/api/news?id=0efc050bfe3a3f22e22cdbe23949b1e60f74bbe318de6a5fa781db7cee8eb2d0,2026-06-26T19:08:49Z
Micron + One Explosive AI Memory Stock to Buy Before H2 2026,"MU and SNDK are riding the AI memory boom as strong demand, pricing power and rising earnings support continued momentum.",https://finnhub.io/api/news?id=b0ea4456c0080b518fc82be0622eeab50cdb9b539b7e218785f6fc0f5793ddb8,2026-06-26T19:05:00Z
Investing.com’s stocks of the week,"Investing.com -- A strong earnings showing for one memory stock was overshadowed by a rotation out of technology and into more defensive names, while Bitcoin's slide below $60,000 hit crypto-linked stocks over the past few days.",https://finnhub.io/api/news?id=1b43df8f5afc9561c187c05e7f787b03848fac71a29ac4ee251d801a43a07d6c,2026-06-26T18:39:56Z
A VC Says the ‘All Your Eggs in the AI Basket’ Trade Is Finally Cracking — Here’s Where the Money Goes Next,"Sarah Kunst of Cleo Capital went on CNBC Friday morning and said what a lot of portfolio managers have been muttering to themselves all week. “People are wondering if putting all of their eggs into the AI, a sort of high growth hyperscaler basket, was maybe not the best idea over the past couple of ... A VC Says the ‘All Your Eggs in the AI Basket’ Trade Is Finally Cracking — Here’s Where the Money Goes Next",https://finnhub.io/api/news?id=d4b15afc3a867df94f3f75ffd0ff80e9cadcb619e7f424856619e53d135acc3d,2026-06-26T18:25:26Z
Stock Market Today: Small Caps Edge Lower As Dow Goes Flat; Heavy Construction Play Surges (Live Coverage),"Stock Market Today: The Dow Jones index fell, while the Nasdaq dived amid a global tech sell-off. Micron, Nvidia and Sandisk tumbled.",https://finnhub.io/api/news?id=2ea9fb3e1d718123a16826741176449f8b89807b215af783107dce2762909f6b,2026-06-26T18:20:59Z
China's Zhipu is closing in on top U.S. AI models with Anthropic and OpenAI held back,"Zhipu's GLM 5.2 shows the AI fight is shifting to who delivers the most intelligence per dollar, making open source suddenly a real contender.",https://finnhub.io/api/news?id=2ed60cf88e99964fba613c6fb8fd6d9d9dbe766c5901046561b57ebeef1cffdf,2026-06-26T18:08:09Z
Which S&P500 stocks are the most active on Friday?,Explore the S&P500 index on Friday and find out which stocks are the most active in today's session. Stay updated with the stocks that are capturing market interest and driving market movements.,https://finnhub.io/api/news?id=2a9847399ae6919703254f8d84e290420cfbd7adbdad703a8aebf704e693ce8d,2026-06-26T18:05:00Z
What Is The Price Of Micron Technology's New Profitability Floor?,"The chipmaker just unveiled a new business model that locks in remarkable profits for years, but the real question is what it might be giving up in return.",https://finnhub.io/api/news?id=db3c024600a417143dc4bdcd1e134573935f24cdaaf3c148687114c69d956b7a,2026-06-26T17:56:42Z
AI Stocks Reel After Kospi's 10% Drop Shakes Global Tech Rally,"Micron's outlook eased chip-demand fears, but inflation concerns quickly reignited volatility across AI-focused stocks.",https://finnhub.io/api/news?id=1ff57d58a2c5f50c1343437c19d56e5682d1df8996bc25dbfa9eff5fc900761c,2026-06-26T17:40:59Z
"Qualcomm Just Promised $15 Billion in AI Chip Sales, but There’s a Catch: The Chips Don’t Exist Yet","Cristiano Amon walked into Qualcomm’s (NASDAQ:QCOM) Investor Day on June 24, 2026 with a number designed to be repeated. Over $15 billion in annual data center AI chip sales by fiscal 2029, up from $5 billion in 2027, alongside a $40 billion non-handset revenue target and adjusted EPS above $18 by that year. Qualcomm shares rose 13.3% ... Qualcomm Just Promised $15 Billion in AI Chip Sales, but There’s a Catch: The Chips Don’t Exist Yet",https://finnhub.io/api/news?id=b9c210bac5e75c746dd0eebc88e95ee225edfb8089fa5647b7c9dfdb8259c210,2026-06-26T17:40:11Z
"AI trade is not dead, says Deepwater's Gene Munster","CNBC’s “Fast Money” team discusses the volatility in tech, what investors should be watching and more with Gene Munster, managing partner at Deepwater Asset Management.",https://finnhub.io/api/news?id=b17930bdb42e6cf2aa6c05ce3b440ff48bab43ca9ad535603876ead40c76398a,2026-06-26T17:33:51Z
"Apple Stock Just Dropped 6.6%, and One Tiny, Boring Chip Is to Blame","Apple (NASDAQ:AAPL) shareholders woke up Thursday to find that the most valuable company in the world had been undone by something the size of a Tic Tac. A memory chip. Specifically, the DRAM and NAND modules tucked inside every Mac, iPad, and Vision Pro on the shelf. Shares fell as much as 6.6% after Apple ... Apple Stock Just Dropped 6.6%, and One Tiny, Boring Chip Is to Blame",https://finnhub.io/api/news?id=7538bcf8b6438ae2f258b80b16f449200092632591de1ab5e681609904378d7a,2026-06-26T17:25:07Z
How Z.AI is closing in on America's AI frontier,"Chinese AI company Zhipu's GLM 5.2 is closing the gap with American frontier models on key agentic benchmarks — and it's free, open-source and adopting faster than DeepSeek. CNBC's Deirdre Bosa explores what that means for enterprises and vertical AI. She speaks with Box CEO Aaron Levie on model selection, Harvey's Gabe Pereyra on building atop open-source and Bernstein's Stacey Rasgon on OpenAI's new Jalapeño chip and the inference-cost race hitting Nvidia and Broadcom.",https://finnhub.io/api/news?id=b69a4f67e16879d5935b265844dd21c8e8bb5191c635fdaa4a8fb35f41999a3e,2026-06-26T17:23:00Z
'Fast Money' traders talk AI cooldown as investors broaden beyond tech,"CNBC’s “Fast Money” team discusses the week's market action, the rotation out of the AI trade and what investors should be watching.",https://finnhub.io/api/news?id=bb0a8025ebdc9df3d521fb08726c6c319471902f066f9faa8294cf4a054f9132,2026-06-26T17:21:23Z
Stock Market Today: Dow Index Turns Higher After Soft Start; Microsoft Leads Software Rally (Live Coverage),"Stock Market Today: The Dow Jones index fell, while the Nasdaq dived amid a global tech sell-off. Micron, Nvidia and Sandisk tumbled.",https://finnhub.io/api/news?id=90bd28733e5ef80c8a935e8d94e10549b8f7b6097d0b2eee76fa93e99311b186,2026-06-26T17:16:26Z
Credo: The AI Memory Supercycle Needs More Bandwidth,Micronâs AI memory supercycle reveals bottlenecks boosting Credo Technology Group Holding Ltdâs copper/optical networking and more. Click for this CRDO update.,https://finnhub.io/api/news?id=4eb16a17293b3abce7d9edfd5d3f767e77905ed8ca0ced9a1f4af42199af6c8b,2026-06-26T17:14:06Z
"CNBC Markets Now: June 26, 2026","CNBC Markets Now provides a look at the day's market moves with commentary and analysis from Michael Santoli, CNBC Senior Markets Commentator.",https://finnhub.io/api/news?id=c19899df934fdeb1fd874f9a41fd4d047a58cb90598f23bb5949d722329421a5,2026-06-26T17:06:47Z
"Dow Green This Week, Nasdaq Down 4%, and Microsoft Doing All the Work Today",One index gained 1% this week. Another lost 4%. Microsoft and Micron explain most of the difference.,https://finnhub.io/api/news?id=28df0666abaa5288c1b4e377ed48a16d2d425ada4edfab196a7c899093982d83,2026-06-26T17:06:16Z
"Post Market Wrap: June 26, 2026","CNBC brings you fast, accurate, and actionable business news and market updates.",https://finnhub.io/api/news?id=3bc3083f9462bffd7db62bb3524ddff5e5bc51dea1bd5c4e2933adc3583cdfbd,2026-06-26T17:05:49Z
"The Year 2000 Called, And It Wants Its Semiconductor Chart Back","Semiconductor stocks, led by Micron and SK Hynix, have driven historic index gains, echoing the 2000 tech bubbleâs magnitude and structure.",https://finnhub.io/api/news?id=00b97ef46dd1df78bee8689b164f13c8ff74d700b00a53962f58d1c6533fd5c1,2026-06-26T17:00:00Z
Micron Just Beat Wall Street and It ‘Reset the Entire Industry’,"Memory chips are boring until they aren’t, and Wednesday afternoon they stopped being boring. Micron Technology (NASDAQ:MU) guided fiscal fourth-quarter revenue to $50 billion, plus or minus $1 billion, against a Wall Street consensus parked around $43 billion. Bloomberg Tech host Ed Ludlow, on Bloomberg Businessweek Daily, summed up the move with a line that ... Micron Just Beat Wall Street and It ‘Reset the Entire Industry’",https://finnhub.io/api/news?id=9efac1b2c5607bc4df5e836e376650a887088a9a739c1166874bbf33fd469544,2026-06-26T16:55:21Z
Is the Roundhill Memory ETF (DRAM) a Buy Before July 10?,SK Hynix plans to list shares on the Nasdaq stock exchange on July 10.,https://finnhub.io/api/news?id=0f291de5f01460f232f19a1ba7e55d6d8e713c5b2e2c77c4291d15c4a4a2400a,2026-06-26T16:55:00Z
Looking for a Growth Stock? 3 Reasons Why Micron (MU) is a Solid Choice,"Micron (MU) possesses solid growth attributes, which could help it handily outperform the market.",https://finnhub.io/api/news?id=e15b56c0c530e2376c7f8811f30d84e3a063c2bf1e151551048ec736dd64cf6b,2026-06-26T16:45:02Z
Apple may turn to Chinese memory suppliers,CNBC's MacKenzie Sigalos reports on why Apple is considering using Chinese memory suppliers.,https://finnhub.io/api/news?id=e6d8134dab492b099353aca2fc6de95e93ade153d4cea7e6181325ad5a27dbb1,2026-06-26T16:38:53Z
Micron Grew 10X in 12 Months. Can It Do It Again?,"The market has rarely seen a technological revolution like the one the artificial intelligence boom has unleashed. Semiconductor companies, in particular, have been rewarded at a pace few investors have ever witnessed. Last year, Nvidia (NASDAQ:NVDA) dominated headlines as demand for AI accelerators exploded. This year, the spotlight has shifted to a different bottleneck: memory. ... Micron Grew 10X in 12 Months. Can It Do It Again?",https://finnhub.io/api/news?id=6250551150dcb2cd5daad058ba8b4e902a2610c068076878d5865fd85c9fb4fa,2026-06-26T16:23:32Z
The Memory Shortage Is Minting Winners. 3 Stocks Not Named Micron That Could Cash In.,The memory shortage has become a windfall for storage makers.,https://finnhub.io/api/news?id=66f02708f13c402b5c3ba95b94413f57b5aeccd4348fa3e8453f4d10997dfa00,2026-06-26T16:23:00Z
"Moderna, Nvidia, Sandisk, Palantir, ON Semi, and More Stocks That Explain Today’s Market",Investors continued to rotate out of artificial-intelligence momentum names and into lagging sectors.  Flash memory product supplier  Sandisk  fell 7.8% and is set to close lower on the week after rising 22% on Thursday.  Nvidia  moved 0.8% lower to $194.12.,https://finnhub.io/api/news?id=093aa118cb2ad79fd96ec2971794ddc98a863a844a9ea0656861e49b8af7c81c,2026-06-26T16:22:00Z
Morgan Stanley resets Micron stock price target on strong AI demand,"Wall Street is getting more bullish on Micron Technology, and for good reason. The memory chip giant just wrapped up a quarter that left analysts scrambling to revise their outlooks upward. Morgan Stanley lifted its price target on Micron (MU) stock to $1,200 from $1,050, keeping its ...",https://finnhub.io/api/news?id=7f512799200acc5b995aae84180a6f540338ff6d004e11b8bc510554e6253908,2026-06-26T16:17:00Z
"Micron Just Delivered Great News for Intel, AMD, Arm, and Qualcomm Stock Investors",Micron sees growth ahead for smartphones and PCs.,https://finnhub.io/api/news?id=95fa7b459dc7ecf8e32975cb13c211436f2af041aaef85f905ff28d9d9668cbb,2026-06-26T16:05:00Z
"Microsoft Has Worst Month Since 2000, Micron Delivers Memorable Beat: This Week On Wall Street","Microsoft heads for its worst June since 2000 as AI capex fears bite, while Micron delivers record revenue and EPS — the AI capex squeeze rewriting the trade.",https://finnhub.io/api/news?id=b37e11989dea4527ac815e168072d3638f97f1d61e16ba67884c86ec09a1c483,2026-06-26T16:00:42Z
Sandisk Stock Limps Along. The Micron Earnings Afterglow Is Gone.,"Shares stumbled Friday after gaining 22% on Micron earnings. Still, the stock could close lower on the week.",https://finnhub.io/api/news?id=2bdd5d6e423b74c90277a6e19dc390b19c5840a9f15d6b2a040aa6367a1b26d5,2026-06-26T15:27:00Z
Shares of semiconductor stocks are trading lower as stocks pull back after surging Wednesday following President Trump's tariff pause announcement.,,https://finnhub.io/api/news?id=25b97f81f72ef62a8ca987648fc0d4c9967e9e65490a2b8c1bae6bdfb0b9a64a,2026-06-26T15:22:17Z
Why Micron Stock Slipped on Friday,"When OpenAI IPOs, AI money will flow. But when will OpenAI IPO?",https://finnhub.io/api/news?id=15dfa542dd5a68b1b7909bfa209b27e26863ed6221b1b93987b73e85535e25c4,2026-06-26T15:14:24Z
"Nvidia, Micron, AMD Lead Chip Selloff on OpenAI IPO Delay Report Rattles Tech",OpenAI IPO Delay Report Sparks Sharp Selloff in AI and Memory Stocks,https://finnhub.io/api/news?id=bac064bf04ec9c41a1b2304dd66c26c0a830fcd4c41148b5120be5288bdf7b9a,2026-06-26T15:08:33Z
Wedbush brushes off tech sell-off as buying chance in multi-year AI bull run,"A sharp sell-off in leading technology stocks reflects short-term impatience rather than any breakdown in the artificial intelligence trade, according to Wedbush. The broker said core names driving what it calls the fourth industrial revolution, including Microsoft Corp (NASDAQ:MSFT),...",https://finnhub.io/api/news?id=9e7a317e8793469247c6b934a591bd0e039d1e7994bc661d4d349e74d7e9b02b,2026-06-26T15:04:00Z
Micron Added Over $1.2 Trillion In Market Cap In A Year — This Analyst Says The AI Memory Rally Has More Room To Run,"In a note on Friday, Kindig argued that widespread shortages across high-bandwidth memory, conventional DRAM and NAND flash continue to give memory makers significant pricing power.",https://finnhub.io/api/news?id=2793e5dd0070293ebaaf91472b9b53e386b552223fc006750e3d544219e0db77,2026-06-26T14:54:33Z
The Memory Oligopoly: How Micron And 6 Other Names Now Set The Price For The AI Race,"In June 2025, memory was still seen as a classic boom-and-bust business — one where high prices eventually cure high prices as suppliers add capacity or demand cools.
A year later, that assumption no longer holds.
The price of 64 gigabytes of DDR5 memory — used in high-end PCs and AI servers — has risen roughly fivefold in 12 months. And one company has built an empire on it.
Micron Technology Inc. (NASDAQ:MU) just posted quarterly revenue up 346% year-over-year to $41.5 billion, with data-center revenue near $25 billion — close to $100 billion annualized.
Earnings per share rocketed from $1.68 to $24.67 a year later, a roughly 1,370% increase, and the company now commands a gross margin near 85%.
This is how a small group of companies now controls prices in the AI economy’s most needed market.
Read Also:
Micron Just Delivered 'A Memorable Beat' – This Analyst Now Sees The Stock At $1,550
The Seven Who Rewired The Hierarchy
Micron is not alone.
Six other names anchor the group: Sandisk Corp. (NASDAQ:SNDK), Western Digital Corp. (NASDAQ:WDC), Seagate Technology (NASDAQ:STX), Kioxia, SK Hynix and Samsung Electronics.
The market-cap ladder shows the shift. Samsung now ranks among the 10 most valuable companies on earth at about $1.44 trillion, with Micron near $1.37 trillion and SK Hynix around $1.23 trillion — all inside the global top 15.
Year-to-date, Kioxia and Sandisk have each surged 800%–900%, with the rest posting triple-digit gains — a leaderboard that a year ago belonged to the Magnificent Seven.
Memory company
Year-to-date performance as of June 26
Kioxia Holdings Corporation
895.21%
Sandisk Corporation
816.18%
SK hynix Inc.
348.98%
Micron Technology, Inc.
305.21%
Western Digital Corporation
260.11%
Seagate Technology Holdings plc
250.30%
Samsung Electronics Co., Ltd.
199.61%
A De-Facto Oligopoly
The pricing power flows from concentration. Samsung, SK Hynix and Micron control close to 90% of the DRAM market and dominate high-bandwidth memory (HBM), the chips stacked beside AI accelerators.
After years of underinvestment in 2022–2023, a small club held all the cards as AI demand exploded.
According to TrendForce, DRAM contract prices jumped roughly 90%–95% in the first quarter and are set to rise another 58%–63% in the second, while NAND climbs 70%–75%.
Suppliers are also trying to engineer the bust out of existence: alongside its results, Micron disclosed 16 take-or-pay Strategic Customer Agreements worth a minimum $100 billion in contracted revenue, with pricing floors designed to lock in margins through any downturn.
One is a supply pact with AI lab Anthropic.
The Windfall Reshaping Korea
The profits are so vast that they are remaking Korea itself. At SK Hynix, each of roughly 35,000 workers could collect an average bonus of nearly $450,000 this year; Samsung’s chip staff are in line for about $410,000 after a deal their union won by threatening an 18-day strike.
The cash has lifted luxury sales across the Gyeonggi “semiconductor belt.”
But the Bank of Korea has flagged the payouts as an inflation risk, warning of a “wage domino.”
The Price To Pay For The AI Race
The buyers are the same hyperscalers driving the AI boom, and their bills are spiraling.
Memory is on track to absorb about 30% of hyperscaler data-center spending in 2026, roughly four times its 2023 share. Apple Inc. (NASDAQ:AAPL) has flagged price hikes, while Nvidia Corp. (NASDAQ:NVDA) pays ever more for the HBM bolted onto the accelerators it sells.
The strain is in the tape: each Magnificent Seven stock is in the red in June, and Microsoft is having its worst month in over two decades.
A Two-Way Bottleneck
The setup cuts both ways. Scarce, costly memory is a tax on the AI buildout, and the one release valve analysts cite for prices — an AI spending pullback — would land squarely on the memory stocks now sitting in the global top 15.
For now, the group holds the whip hand — proof that in this cycle, the real power may sit with the bottleneck.
Photo: Mentor57 / Shutterstock",https://www.benzinga.com/markets/tech/26/06/60128618/memory-cartel-micron-ai-prices,2026-06-26T14:42:15Z
"Tech stocks sell-off, but the momentum trade is just 'taking a breather'","A renewed sell-off in the tech sector started, stopped, and has now restarted to end this trading week. All three of the major indexes (^DJI, ^IXIC, ^GSPC) are seeing red on Friday morning as Micron Technology (MU) even sheds its massive gains after releasing earnings on Wednesday. Opening Bid Host Julie Hyman is joined by Yahoo Finance Tech Editor Dan Howley, Senior Business Reporter Ines Ferré, and PNC Asset Management Group CIO Amanda Agati to discuss the state of the current momentum trade inside Big Tech stocks.",https://finnhub.io/api/news?id=35bb2c4f521fc543548f094e8b52257597ffd4983f84509969a211a19176f3ef,2026-06-26T14:37:12Z
"Stock Market Today: Indexes Work Back Into The Black; Dow, S&P Inch Higher (Live Coverage)","Stock Market Today: The Dow Jones index fell, while the Nasdaq dived amid a global tech sell-off. Micron, Nvidia and Sandisk tumbled.",https://finnhub.io/api/news?id=4bd025cd1c0fb9fc2e712e5b4ef747c98a61c3324fc57259221c2f008f6162e6,2026-06-26T14:26:34Z
"Micron Stock Falls After Memory Rivals SK Hynix, Samsung Sink KOSPI Index","South Korea's benchmark Kospi tumbled as much as 8% Friday, before recovering slightly to end down 5.8%.",https://finnhub.io/api/news?id=8c9102b6733524ef7550b47ebda730fe28b3eea76f8c23b101fc79da35da1237,2026-06-26T14:21:00Z
Why Sandisk Stock Crashed on Friday,"When OpenAI IPOs, money will flow. But when will OpenAI IPO?",https://finnhub.io/api/news?id=6e48855f3c0fd3bf934b8b0d7aec0d0f64364863e496587a8f448ac5be8f1039,2026-06-26T14:18:20Z
ON Semiconductor Tumbles 20%: Is It Dragging Down Semiconductor Names Like AMD and Intel?,"Shares of ON Semiconductor (NASDAQ:ON) are down 20% in early Friday trading, sliding to $95 after the chipmaker unveiled an all-stock acquisition of Synaptics (NASDAQ:SYNA). The drop erases a meaningful slice of ON stock’s recent rally. ON Semiconductor stock entered the session up 119% year to date (YTD), so today’s air pocket lands on a ... ON Semiconductor Tumbles 20%: Is It Dragging Down Semiconductor Names Like AMD and Intel?",https://finnhub.io/api/news?id=25fd932f704a9e8dcb605e8a2616fcff35e09a8722cf8d83f2479bb4dba1ba90,2026-06-26T14:16:26Z
Nvidia Stock Keeps Falling as ‘Hot Money’ Heads Elsewhere,"Nvidia  stock was falling again early Friday.  A widespread technology-sector selloff was hitting the chip maker, which is struggling to establish a floor.  The stock previously looked to be establishing a trading range with a floor of roughly $200, after breaking through that level in April.",https://finnhub.io/api/news?id=7e909cc896da889391c39e0b7d99a3397d28b38ecb43d29337439565d026ca36,2026-06-26T14:16:00Z
Wall Street Roundup: What Isn't Priced In?,"Micron goes volatile on great news, SpaceX the bellwether and Fed interest rate commentary.",https://finnhub.io/api/news?id=836bcfe7c2e7088a1d512d316d935002acddd7e4f3d6233f67bdf2745c49da75,2026-06-26T14:14:00Z
"Stock Market Weekly Review: S&P 500, Nasdaq Below 50-Day Line; Micron, Apple In Focus","The stock market was mixed, but the S&P 500 and Nasdaq are below their 50-day lines. Micron earnings soared on memory prices, which hit Apple.",https://finnhub.io/api/news?id=caf4b503b54fb3472aa112131cf77ab6a60d2e317563b968ddcae65ed65ce4f5,2026-06-26T14:00:42Z
Stock Market's Character May Have Begun To Change,"Market Character



Please click here for an enlarged chart of Direxion Daily Semiconductor Bull 3X ETF (NYSE:SOXL).



Note the following:




Semiconductors are the leading sector, and semiconductor mania is",https://finnhub.io/api/news?id=0d34e5237476fb7ce77e4fa23d28b742c6d1a77792e5627a578da30b982ee463,2026-06-26T13:42:04Z
"Stock Market Today: Nasdaq Slides Amid Global Technology Sell-Off; Micron, Nvidia, Sandisk Fall (Live Coverage)","Stock Market Today: The Dow Jones index fell, while the Nasdaq dived amid a global tech sell-off. Micron, Nvidia and Sandisk tumbled.",https://finnhub.io/api/news?id=97712357d3c40e2ee61379630cbf265c2ff15b49deeb47a26a1e6e5c60ff0b88,2026-06-26T13:40:59Z
Micron Smashed Even the Bulls: Evercore Says This AI Rally Has the ‘Earnings Power’ to Last,"Memory stocks rarely produce 84% gross margins. Commodity DRAM is the business school case study for cyclical pain, where pricing power goes to die. So when Micron Technology (NASDAQ:MU) posted non-GAAP gross margins of 84.9% for its fiscal third quarter, the number stopped being a memory number and became a question about what kind of ... Micron Smashed Even the Bulls: Evercore Says This AI Rally Has the ‘Earnings Power’ to Last",https://finnhub.io/api/news?id=7ff0c0b94db90c7c051c1df8c1f6d2e72806265a0eb61b3e3b5e25acb6d49380,2026-06-26T13:30:39Z
